<?xml version="1.0" encoding="UTF-8" standalone="yes"?>
<addon id="plugin.program.advanced.emulator.launcher" name="Advanced Emulator Launcher" version="0.9.10-alpha" provider-name="Wintermute0110">
    <requires>
        <!--
            Check addon versions in https://github.com/xbmc/xbmc/tree/master/addons/xbmc.python/addon.xml
            Change the branch according to the Kodi version.

            2.25.0 Kodi 17 Krypton
            2.26.0 Kodi 18 Leia
            2.27.0 Kodi 19 Matrix (actual version not fixed yet).
        -->
        <import addon="xbmc.python" version="2.25.0" />
    </requires>
    <extension point="xbmc.python.pluginsource" library="addon.py">
        <provides>executable game</provides>
    </extension>
    <extension point="xbmc.addon.metadata">
        <!--
            This must be commented when releasing the addon.
            Kodi must be restarted if this setting is changed.
            See https://github.com/xbmc/xbmc/pull/13814
        -->
        <!-- <reuselanguageinvoker>false</reuselanguageinvoker> -->
        <summary lang="en_GB">Start any emulators/apps from Kodi.</summary>
        <description lang="en_GB">Multi-emulator front-end and general application launcher for Kodi. Includes offline scrapers for MAME and No-Intro ROM sets and also supports scrapping ROM metadata and artwork online. ROM auditing for No-Intro ROMs using No-Intro or Redump XML DAT files. Launching of games and standalone applications is also available.</description>
        <platform>android freebsd ios linux osx windows</platform>
        <license>GPL-2.0-only</license>
        <email>wintermute0110@gmail.com</email>
        <forum>http://forum.kodi.tv/showthread.php?tid=287826</forum>
        <website>https://github.com/Wintermute0110/plugin.program.AEL/wiki</website>
        <source>https://github.com/Wintermute0110/plugin.program.AEL</source>
        <assets>
            <icon>media/icon.png</icon>
            <fanart>media/fanart.jpg</fanart>
            <screenshot>media/Estuary_ROM_Launcher.jpg</screenshot>
            <screenshot>media/Estuary_ROM_Console.jpg</screenshot>
            <screenshot>media/Estuary_ROM_MAME.jpg</screenshot>
        </assets>
        <news>See changelog.txt for information about the latest release.</news>
    </extension>
</addon>
